id;full_name;preferred_name;search_name;gender;is_permitted_to_logon;logon_name;is_external_logon_provider;is_system_user;is_employee;is_sales_person;is_guest_user;email_promotion;user_preferences;phone_number;email_address;photo;custom_fields;other_languages;valid_from;valid_to;user_id
1;payment Re-contextualized Licensed;Producer;SAS parsing;FEMALE;false;superstructure;false;false;true;false;true;20788;Music Salad North Carolina;circuit Forward;"k@YzCw5.W";distributed Computers;Money Market Account users Guinea;SQL lavender;2019-11-18T09:00:03;2019-11-18T14:03:48;2
2;Fresh;Cambridgeshire Central;Table Avon Bedfordshire;MALE;false;navigating Liaison;true;true;false;true;false;68318;programming;Soft Missouri;"F@-W^</d.!";calculating yellow;Wooden;Future;2019-11-18T11:24:59;2019-11-18T14:49:02;2
3;Credit Card Account;Bedfordshire Virginia;niches drive Ireland;MALE;true;Car Generic compress;false;false;true;false;false;35567;monitor methodology West Virginia;reintermediate Factors;"BA!@J.R]~*";4th generation;clear-thinking Auto Loan Account;indexing;2019-11-18T09:27:51;2019-11-18T18:03:56;1
4;Auto Loan Account Course;Incredible interface;feed Investment Account;OTHER;true;Yemeni Rial;false;false;true;false;false;31459;solid state;Soft Quality Mount;"No}w.@\|n;.!%&'E/";USB alarm 1080p;feed invoice;Triple-buffered Borders magenta;2019-11-18T08:41:09;2019-11-19T07:09:05;2
5;Small Metal Soap Principal Towels;Unions algorithm;Leone;FEMALE;false;experiences online program;false;true;false;false;true;82891;Baby Money Market Account;Connecticut;"/m>fD@K<1.3dlU";models streamline;projection Maldives;withdrawal alarm Timor-Leste;2019-11-18T22:08:46;2019-11-18T17:36:32;2
6;web-readiness;JBOD Books;sky blue matrix Data;MALE;false;bypass;false;false;false;false;true;58075;zero defect drive Practical;convergence monitor;"1vlX\@)Y}=.R";B2C systematic;program;Gorgeous Steel Salad Associate;2019-11-18T22:07:23;2019-11-19T05:45:45;1
7;Pula lavender;neural Cloned Massachusetts;SCSI Communications Underpass;FEMALE;false;matrix;true;true;false;true;true;51268;Automated;architect;"Wd|np@.d.peFY";copying primary invoice;EXE;Personal Loan Account Chile foreground;2019-11-18T20:01:26;2019-11-18T14:11:31;1
8;Liaison Forward Flat;Reduced Antigua and Barbuda;Customer SDD;OTHER;false;HTTP Configuration;true;false;true;false;true;93158;bandwidth fresh-thinking;implement;"q@H7.Bh<""J";Borders;Integration;Bond Markets Units European Composite Unit (EURCO);2019-11-19T06:33:45;2019-11-18T08:35:40;2
9;Cambridgeshire;Borders Internal;open-source Ouguiya;FEMALE;true;SMTP Synchronised Pizza;false;true;false;true;false;69747;Brunei Dollar Credit Card Account override;SCSI;")Z\=E@^6`A.;T[s?";copying;reboot;Jewelery;2019-11-18T19:02:29;2019-11-18T12:25:07;2
10;Adaptive black;Money Market Account;New York Concrete expedite;OTHER;true;Gorgeous;true;false;true;false;true;84012;benchmark Sausages;Licensed Directives Baht;"H2}5@<IN%au.X";application;hard drive;proactive Checking Account;2019-11-19T07:17:30;2019-11-18T11:55:55;2
